"category_id","asin","Predicted","category_name"
3,"B01N230ASZ",1,"Knitting & Crochet Supplies"
4,"B0BLYY563F",1,"Printmaking Supplies"
4,"B0017D8W5E",1,"Printmaking Supplies"
4,"B07VV4FP2D",1,"Printmaking Supplies"
9,"B07PW3Z5K6",1,"Arts, Crafts & Sewing Storage"
10,"B0196TA2WQ",1,"Painting, Drawing & Art Supplies"
10,"B09NNMBPB8",1,"Painting, Drawing & Art Supplies"
10,"B08XZ26WQH",1,"Painting, Drawing & Art Supplies"
10,"B0B2JM5MWH",1,"Painting, Drawing & Art Supplies"
10,"B016VWEDOO",1,"Painting, Drawing & Art Supplies"
10,"B07JCM1FBG",1,"Painting, Drawing & Art Supplies"
10,"B093PYXY96",1,"Painting, Drawing & Art Supplies"
10,"B001US2NY2",1,"Painting, Drawing & Art Supplies"
10,"B0088BBJX0",1,"Painting, Drawing & Art Supplies"
10,"B00LFCWSPM",1,"Painting, Drawing & Art Supplies"
10,"B0894NV8VF",1,"Painting, Drawing & Art Supplies"
10,"B002IXI4MI",1,"Painting, Drawing & Art Supplies"
10,"B0044SAXKQ",1,"Painting, Drawing & Art Supplies"
10,"B0BYBB79DM",1,"Painting, Drawing & Art Supplies"
10,"B00UHUJDAG",1,"Painting, Drawing & Art Supplies"
10,"B01N0D2SHX",1,"Painting, Drawing & Art Supplies"
10,"B014DV4E9E",1,"Painting, Drawing & Art Supplies"
10,"B00MVHUB6S",1,"Painting, Drawing & Art Supplies"
10,"B08HQ94QXN",1,"Painting, Drawing & Art Supplies"
16,"B0B5BB4ZRF",1,"Automotive Tires & Wheels"
16,"B002KQA8EK",1,"Automotive Tires & Wheels"
16,"B0946RWVFY",1,"Automotive Tires & Wheels"
16,"B09WMMVJRR",1,"Automotive Tires & Wheels"
16,"B096ZRWGPC",1,"Automotive Tires & Wheels"
16,"B07S7F7KQQ",1,"Automotive Tires & Wheels"
16,"B0986TMQ64",1,"Automotive Tires & Wheels"
16,"B00080QHMM",1,"Automotive Tires & Wheels"
16,"B0BYMM4CKD",1,"Automotive Tires & Wheels"
16,"B098NPBRMX",1,"Automotive Tires & Wheels"
16,"B07QPNRKXC",1,"Automotive Tires & Wheels"
16,"B07BKW85T1",1,"Automotive Tires & Wheels"
16,"B007MGIPTS",1,"Automotive Tires & Wheels"
17,"B0002SR4MM",1,"Automotive Tools & Equipment"
17,"B07JGS8CN2",1,"Automotive Tools & Equipment"
17,"B01MSPBKG5",1,"Automotive Tools & Equipment"
17,"B0167JU8VI",1,"Automotive Tools & Equipment"
17,"B0C8HY6P2V",1,"Automotive Tools & Equipment"
17,"B096RV6XWY",1,"Automotive Tools & Equipment"
17,"B07PQP9MX7",1,"Automotive Tools & Equipment"
17,"B000ET8D0G",1,"Automotive Tools & Equipment"
17,"B07W6B987F",1,"Automotive Tools & Equipment"
19,"B07SHJVK4G",1,"Car Care"
21,"B0BX5JSGZY",1,"Automotive Replacement Parts"
21,"B08NMNFGH7",1,"Automotive Replacement Parts"
21,"B0015UWWLY",1,"Automotive Replacement Parts"
21,"B000FQ793A",1,"Automotive Replacement Parts"
21,"B01N66W2XF",1,"Automotive Replacement Parts"
21,"B000C2EBB0",1,"Automotive Replacement Parts"
21,"B0971BBKNF",1,"Automotive Replacement Parts"
21,"B005C58S9I",1,"Automotive Replacement Parts"
21,"B001UCEJHC",1,"Automotive Replacement Parts"
21,"B000C11GIM",1,"Automotive Replacement Parts"
21,"B08DHH3MQ2",1,"Automotive Replacement Parts"
21,"B01FBT5YBE",1,"Automotive Replacement Parts"
21,"B01M6TM497",1,"Automotive Replacement Parts"
21,"B00CSBVIK0",1,"Automotive Replacement Parts"
21,"B00P43PJPE",1,"Automotive Replacement Parts"
21,"B00I8IOZ7A",1,"Automotive Replacement Parts"
21,"B09WTT6RS4",1,"Automotive Replacement Parts"
21,"B07BNKLSB9",1,"Automotive Replacement Parts"
22,"B07LG3X715",1,"Lights, Bulbs & Indicators"
22,"B09833R2FZ",1,"Lights, Bulbs & Indicators"
22,"B000WPDF7I",1,"Lights, Bulbs & Indicators"
24,"B009IFIKAA",1,"Automotive Exterior Accessories"
24,"B0812BLC3T",1,"Automotive Exterior Accessories"
24,"B0022ZXO40",1,"Automotive Exterior Accessories"
24,"B00T9N6DPK",1,"Automotive Exterior Accessories"
24,"B0BXNXPT83",1,"Automotive Exterior Accessories"
28,"B094MR3XYR",1,"Motorcycle & Powersports"
30,"B0B1V5ZQZ8",1,"Baby & Toddler Feeding Supplies"
32,"B08BY8BZS4",1,"Child Safety Car Seats & Accessories"
32,"B07HJ7Y9T7",1,"Child Safety Car Seats & Accessories"
32,"B005NMP6IG",1,"Child Safety Car Seats & Accessories"
32,"B07GNRHN2Q",1,"Child Safety Car Seats & Accessories"
33,"B0BZQ4T8HJ",1,"Baby Safety Products"
33,"B07YTK5JZL",1,"Baby Safety Products"
33,"B01M6416TW",1,"Baby Safety Products"
34,"B097JKS4BK",1,"Toilet Training Products"
34,"B01AMWUO1U",1,"Toilet Training Products"
41,"B085HFHW42",1,"Nursery Furniture, Bedding & Décor"
41,"B016P2STRW",1,"Nursery Furniture, Bedding & Décor"
42,"B08FR7HQXT",1,"Baby"
42,"B09XPXJBXZ",1,"Baby"
47,"B09S1CDT8T",1,"Hair Care Products"
47,"B00MI2SVJK",1,"Hair Care Products"
47,"B08P389GH6",1,"Hair Care Products"
47,"B0B5B97YCD",1,"Hair Care Products"
47,"B08DKXFFDK",1,"Hair Care Products"
47,"B009I12STI",1,"Hair Care Products"
47,"B09DFLQVV9",1,"Hair Care Products"
47,"B00C5AHTVQ",1,"Hair Care Products"
47,"B09J68HWGH",1,"Hair Care Products"
47,"B0009VS7KK",1,"Hair Care Products"
47,"B004INIVT2",1,"Hair Care Products"
47,"B0B15P7SDS",1,"Hair Care Products"
47,"B000H7O5M0",1,"Hair Care Products"
47,"B0B81LV9ZH",1,"Hair Care Products"
47,"B0BQD946ZJ",1,"Hair Care Products"
47,"B01FT5Y8EO",1,"Hair Care Products"
47,"B000LNWUIG",1,"Hair Care Products"
47,"B07CWW5FYX",1,"Hair Care Products"
47,"B08N6DP56J",1,"Hair Care Products"
47,"B08Q427N3W",1,"Hair Care Products"
47,"B01AM4UM5Q",1,"Hair Care Products"
47,"B07C3WZ43G",1,"Hair Care Products"
47,"B091DLKQM6",1,"Hair Care Products"
47,"B08KRR834T",1,"Hair Care Products"
47,"B00SD8JO26",1,"Hair Care Products"
47,"B08S3XK6G1",1,"Hair Care Products"
47,"B000XTBEYO",1,"Hair Care Products"
47,"B0793Q16YB",1,"Hair Care Products"
47,"B0BDHZVRBS",1,"Hair Care Products"
47,"B01CTZW8O4",1,"Hair Care Products"
47,"B0B4N3YSC6",1,"Hair Care Products"
47,"B0B7J1Q6J6",1,"Hair Care Products"
47,"B09DDCRHMW",1,"Hair Care Products"
47,"B07H45NFBF",1,"Hair Care Products"
47,"B0CC1KT4PY",1,"Hair Care Products"
47,"B000PXYADK",1,"Hair Care Products"
47,"B01IAEW0YQ",1,"Hair Care Products"
47,"B00LD6QYC8",1,"Hair Care Products"
47,"B00MWZZ4WU",1,"Hair Care Products"
47,"B0C9WX7H76",1,"Hair Care Products"
47,"B08TQ6KGRG",1,"Hair Care Products"
47,"B0C66D1ZJ1",1,"Hair Care Products"
47,"B08CVRQ8LC",1,"Hair Care Products"
47,"B0BTDKTFX1",1,"Hair Care Products"
47,"B08YDGC4D4",1,"Hair Care Products"
47,"B086L24LTN",1,"Hair Care Products"
47,"B00140RXHS",1,"Hair Care Products"
47,"B003RJTTE4",1,"Hair Care Products"
47,"B0C1YGPGQ9",1,"Hair Care Products"
47,"B014I5HJXI",1,"Hair Care Products"
47,"B07Q7ZPV8H",1,"Hair Care Products"
47,"B09V77LH5R",1,"Hair Care Products"
47,"B018B8PU02",1,"Hair Care Products"
47,"B0B5TW9GJ6",1,"Hair Care Products"
47,"B09358B5MR",1,"Hair Care Products"
47,"B09RQZ2VB4",1,"Hair Care Products"
47,"B07SQXW892",1,"Hair Care Products"
47,"B00BIGARH6",1,"Hair Care Products"
47,"B0C5T67RGK",1,"Hair Care Products"
47,"B01I9JDSQQ",1,"Hair Care Products"
47,"B087R7FCPP",1,"Hair Care Products"
47,"B005356O34",1,"Hair Care Products"
47,"B001E45IKS",1,"Hair Care Products"
47,"B07HMLKXDM",1,"Hair Care Products"
47,"B08Z3BLSKM",1,"Hair Care Products"
47,"B07BF92LPL",1,"Hair Care Products"
47,"B00L6J0LH6",1,"Hair Care Products"
47,"B00RI8HM1W",1,"Hair Care Products"
47,"B07GSZYLGJ",1,"Hair Care Products"
47,"B077GHR4B3",1,"Hair Care Products"
47,"B078KGPBJJ",1,"Hair Care Products"
47,"B07NSYGL9Z",1,"Hair Care Products"
47,"B088MLCLJL",1,"Hair Care Products"
48,"B0039UTUU4",1,"Makeup"
48,"B0BGKRYVDF",1,"Makeup"
48,"B09J6D8BHK",1,"Makeup"
48,"B002LFLPQA",1,"Makeup"
48,"B07BS1K6C6",1,"Makeup"
48,"B07JQ48MVG",1,"Makeup"
48,"B01LW1983J",1,"Makeup"
48,"B0748J81QF",1,"Makeup"
48,"B002SPWOVS",1,"Makeup"
48,"B00112BTH4",1,"Makeup"
48,"B0BRNGCNT4",1,"Makeup"
48,"B09TQ2GKWC",1,"Makeup"
48,"B0BPVYCZKS",1,"Makeup"
48,"B0034KYDPG",1,"Makeup"
48,"B078VG6WS1",1,"Makeup"
48,"B00JKCCMSM",1,"Makeup"
48,"B0BLNSZSZ9",1,"Makeup"
48,"B07NYMPT36",1,"Makeup"
48,"B00YT6HB30",1,"Makeup"
48,"B000QUM5LG",1,"Makeup"
48,"B07F3PCMVW",1,"Makeup"
48,"B08RSDC61Q",1,"Makeup"
48,"B09KGQBNFJ",1,"Makeup"
48,"B0009TRBCM",1,"Makeup"
48,"B019F0F31Q",1,"Makeup"
48,"B00UYY2GSQ",1,"Makeup"
48,"B00J2APBZI",1,"Makeup"
48,"B01C2XBQQE",1,"Makeup"
48,"B08Q3CQM7X",1,"Makeup"
48,"B001SYYLK2",1,"Makeup"
48,"B002LFTTXQ",1,"Makeup"
48,"B00LGXBBRG",1,"Makeup"
48,"B0B61T6B9G",1,"Makeup"
48,"B0BCVHL6Q9",1,"Makeup"
48,"B0BRC4Q8TV",1,"Makeup"
48,"B09PQS8XKC",1,"Makeup"
48,"B08M5D4ZG7",1,"Makeup"
48,"B01ACPW2QC",1,"Makeup"
48,"B001MV5UWY",1,"Makeup"
49,"B01M63JLV4",1,"Skin Care Products"
49,"B0013ZFU2O",1,"Skin Care Products"
49,"B082D93ZL6",1,"Skin Care Products"
49,"B01MDOA0V4",1,"Skin Care Products"
49,"B07WX17RZN",1,"Skin Care Products"
49,"B0BNNXRFYD",1,"Skin Care Products"
49,"B00UMTS8US",1,"Skin Care Products"
49,"B07K3NKXJ7",1,"Skin Care Products"
49,"B09W38M4PJ",1,"Skin Care Products"
49,"B00LZWV0WY",1,"Skin Care Products"
49,"B00593FFDU",1,"Skin Care Products"
49,"B09XLF78Q9",1,"Skin Care Products"
49,"B01F6LZ27I",1,"Skin Care Products"
49,"B000177FXW",1,"Skin Care Products"
49,"B09P46YKXS",1,"Skin Care Products"
49,"B07HND6YBW",1,"Skin Care Products"
49,"B08SV4K4WK",1,"Skin Care Products"
49,"B000KPO99I",1,"Skin Care Products"
49,"B06VVQKHKJ",1,"Skin Care Products"
49,"B00132H3UE",1,"Skin Care Products"
49,"B07KZJ33Z9",1,"Skin Care Products"
49,"B07Y3T3SRN",1,"Skin Care Products"
49,"B08KKKBW2Z",1,"Skin Care Products"
49,"B00K2TWSLS",1,"Skin Care Products"
49,"B09YDM4LVQ",1,"Skin Care Products"
49,"B007SAC6XE",1,"Skin Care Products"
49,"B0751L3KP9",1,"Skin Care Products"
49,"B0C1W3BZFD",1,"Skin Care Products"
49,"B0711SMPVW",1,"Skin Care Products"
49,"B07BC4VMBH",1,"Skin Care Products"
49,"B0B4YTH9BC",1,"Skin Care Products"
49,"B01CIM0IVI",1,"Skin Care Products"
49,"B09251NZN3",1,"Skin Care Products"
49,"B088C6CKHX",1,"Skin Care Products"
49,"B00G2TQNZ4",1,"Skin Care Products"
49,"B0791ZJP1T",1,"Skin Care Products"
49,"B086FMXSSF",1,"Skin Care Products"
49,"B08Q74QQKG",1,"Skin Care Products"
49,"B00B7V4DTU",1,"Skin Care Products"
49,"B00EABEFV0",1,"Skin Care Products"
49,"B00005333G",1,"Skin Care Products"
49,"B074JXVVW3",1,"Skin Care Products"
49,"B000SQN6FW",1,"Skin Care Products"
49,"B001E0R22Y",1,"Skin Care Products"
49,"B00157T2IS",1,"Skin Care Products"
49,"B001RJ7MRM",1,"Skin Care Products"
49,"B07NMKBQDW",1,"Skin Care Products"
49,"B006IBXVPG",1,"Skin Care Products"
49,"B00T6IHQOK",1,"Skin Care Products"
49,"B07NSF8KTF",1,"Skin Care Products"
49,"B07NSWGYT9",1,"Skin Care Products"
49,"B0C5V1SG4P",1,"Skin Care Products"
49,"B000Q95V3G",1,"Skin Care Products"
49,"B091TM6VZZ",1,"Skin Care Products"
49,"B08Z2BJ473",1,"Skin Care Products"
49,"B0781W852C",1,"Skin Care Products"
49,"B000EIJM7K",1,"Skin Care Products"
49,"B01H3PN27M",1,"Skin Care Products"
49,"B091KS9LLM",1,"Skin Care Products"
49,"B08KTPNXKB",1,"Skin Care Products"
50,"B09SH4MWDY",1,"Beauty Tools & Accessories"
50,"B08NVQT88J",1,"Beauty Tools & Accessories"
50,"B0BQZ3PN8W",1,"Beauty Tools & Accessories"
50,"B0C3X4JPNB",1,"Beauty Tools & Accessories"
50,"B08B4M7G8H",1,"Beauty Tools & Accessories"
50,"B0B49P1R39",1,"Beauty Tools & Accessories"
50,"B08GS5YJQZ",1,"Beauty Tools & Accessories"
50,"B0BNPJYTBN",1,"Beauty Tools & Accessories"
50,"B01F5MFKSY",1,"Beauty Tools & Accessories"
50,"B004TSF8R4",1,"Beauty Tools & Accessories"
50,"B0BG5BQLR8",1,"Beauty Tools & Accessories"
50,"B08KFNSLFR",1,"Beauty Tools & Accessories"
50,"B00LDYFGFQ",1,"Beauty Tools & Accessories"
50,"B07W81X5HZ",1,"Beauty Tools & Accessories"
50,"B083NVMD18",1,"Beauty Tools & Accessories"
50,"B09PCCHXVP",1,"Beauty Tools & Accessories"
50,"B00006WNQ8",1,"Beauty Tools & Accessories"
50,"B09PYJFL8W",1,"Beauty Tools & Accessories"
50,"B08X4QBFPT",1,"Beauty Tools & Accessories"
50,"B085SZRWV4",1,"Beauty Tools & Accessories"
50,"B085VRQQ46",1,"Beauty Tools & Accessories"
50,"B08B4G8H6L",1,"Beauty Tools & Accessories"
50,"B075QVPYXV",1,"Beauty Tools & Accessories"
50,"B08XQGG6X2",1,"Beauty Tools & Accessories"
50,"B097434HJV",1,"Beauty Tools & Accessories"
50,"B019CQYYXQ",1,"Beauty Tools & Accessories"
50,"B0BJPKN8L5",1,"Beauty Tools & Accessories"
50,"B0C1GQPGT8",1,"Beauty Tools & Accessories"
50,"B06XGZ3MBF",1,"Beauty Tools & Accessories"
50,"B0CBG68HSM",1,"Beauty Tools & Accessories"
50,"B094CXC7ZS",1,"Beauty Tools & Accessories"
50,"B0BM9FLMHL",1,"Beauty Tools & Accessories"
50,"B073JCGH1X",1,"Beauty Tools & Accessories"
50,"B08FHXQ3Y3",1,"Beauty Tools & Accessories"
50,"B00MNROCMU",1,"Beauty Tools & Accessories"
50,"B087TFTVZH",1,"Beauty Tools & Accessories"
50,"B0BZVDW72H",1,"Beauty Tools & Accessories"
51,"B07QT1QJHT",1,"Foot, Hand & Nail Care Products"
51,"B095K3N322",1,"Foot, Hand & Nail Care Products"
51,"B01CK9OCKC",1,"Foot, Hand & Nail Care Products"
51,"B07WHFGMCP",1,"Foot, Hand & Nail Care Products"
51,"B001I1YIU8",1,"Foot, Hand & Nail Care Products"
51,"B07GXKHLBZ",1,"Foot, Hand & Nail Care Products"
51,"B00LOL4QXG",1,"Foot, Hand & Nail Care Products"
51,"B07P15P383",1,"Foot, Hand & Nail Care Products"
51,"B00ATB1ISS",1,"Foot, Hand & Nail Care Products"
51,"B08BFGS982",1,"Foot, Hand & Nail Care Products"
51,"B0865ZSF8M",1,"Foot, Hand & Nail Care Products"
51,"B077ZKVQ7F",1,"Foot, Hand & Nail Care Products"
51,"B07L3M7WYZ",1,"Foot, Hand & Nail Care Products"
51,"B095BWZ3WZ",1,"Foot, Hand & Nail Care Products"
52,"B004UQ5WNK",1,"Personal Care Products"
52,"B0C5FXTY75",1,"Personal Care Products"
52,"B01EL2QYAM",1,"Personal Care Products"
52,"B077FJJDVD",1,"Personal Care Products"
52,"B083RBSRDQ",1,"Personal Care Products"
52,"B01N1LL62W",1,"Personal Care Products"
52,"B004N7FE8Y",1,"Personal Care Products"
52,"B001ET78K6",1,"Personal Care Products"
52,"B08GR69WCJ",1,"Personal Care Products"
52,"B004GINGOY",1,"Personal Care Products"
52,"B08DKYXGZZ",1,"Personal Care Products"
52,"B09GXF7KVD",1,"Personal Care Products"
52,"B086825KYX",1,"Personal Care Products"
52,"B001ECQ5IO",1,"Personal Care Products"
53,"B078S2DG7T",1,"Shaving & Hair Removal Products"
53,"B09WKS4M1W",1,"Shaving & Hair Removal Products"
53,"B07GXWX9Z6",1,"Shaving & Hair Removal Products"
53,"B07T7ZV9N5",1,"Shaving & Hair Removal Products"
53,"B07GF4TX76",1,"Shaving & Hair Removal Products"
53,"B07WRFWR4G",1,"Shaving & Hair Removal Products"
53,"B07Q2GD4S7",1,"Shaving & Hair Removal Products"
53,"B07F2VZBSC",1,"Shaving & Hair Removal Products"
53,"B08HS26JSH",1,"Shaving & Hair Removal Products"
53,"B081WB8VHB",1,"Shaving & Hair Removal Products"
53,"B06Y2KBZ7L",1,"Shaving & Hair Removal Products"
53,"B00FBFQ1MU",1,"Shaving & Hair Removal Products"
53,"B07XFZ9NM4",1,"Shaving & Hair Removal Products"
53,"B009VND5FO",1,"Shaving & Hair Removal Products"
53,"B01JQXACFY",1,"Shaving & Hair Removal Products"
53,"B09P3RMRHT",1,"Shaving & Hair Removal Products"
72,"B08ZHQJKYX",1,"Office Electronics"
72,"B00IOFD08C",1,"Office Electronics"
72,"B096MLRDRZ",1,"Office Electronics"
72,"B08P33YZDP",1,"Office Electronics"
72,"B0BZ4G2HZP",1,"Office Electronics"
72,"B000SSLBRK",1,"Office Electronics"
72,"B08V8D5PGC",1,"Office Electronics"
72,"B09YM1Q2PT",1,"Office Electronics"
72,"B07CV4SNS4",1,"Office Electronics"
72,"B07D5GHLCB",1,"Office Electronics"
72,"B07FMS1DMX",1,"Office Electronics"
72,"B07KR55HST",1,"Office Electronics"
72,"B099N4NSSD",1,"Office Electronics"
72,"B00KQG6QFG",1,"Office Electronics"
72,"B01M1RX9WU",1,"Office Electronics"
72,"B0C84ZR1VM",1,"Office Electronics"
72,"B06XGL8W11",1,"Office Electronics"
72,"B086Z79HXS",1,"Office Electronics"
72,"B07NXJT6NN",1,"Office Electronics"
72,"B08D3SVK3K",1,"Office Electronics"
72,"B00NB7EZH8",1,"Office Electronics"
72,"B07Y49N4R1",1,"Office Electronics"
76,"B07G8Z6N82",1,"Accessories & Supplies"
76,"B08Q1MR97D",1,"Accessories & Supplies"
76,"B08PDP3YSP",1,"Accessories & Supplies"
81,"B08R5JPTMZ",1,"Computers"
81,"B07L9BDY3T",1,"Computers"
82,"B0B5T8QTKV",1,"Home Audio & Theater Products"
84,"B00181D7QE",1,"Boys' Clothing"
84,"B0872DSCSJ",1,"Boys' Clothing"
91,"B0056H9CX8",1,"Girls' Clothing"
91,"B0C3K56Q3J",1,"Girls' Clothing"
98,"B00XXU3MG8",1,"Girls' School Uniforms"
105,"B0BNL9N9SM",1,"Travel Accessories"
105,"B07D2M43K5",1,"Travel Accessories"
105,"B0CCXSFHWV",1,"Travel Accessories"
110,"B09JFR8HTV",1,"Men's Clothing"
110,"B09C3GC266",1,"Men's Clothing"
112,"B07YN7N8GB",1,"Men's Accessories"
114,"B0014C2NBC",1,"Men's Shoes"
114,"B08PCF6WSB",1,"Men's Shoes"
116,"B07K9RRTH6",1,"Women's Clothing"
116,"B07N7X254B",1,"Women's Clothing"
116,"B07WD9BS96",1,"Women's Clothing"
116,"B0B6Z12RKX",1,"Women's Clothing"
116,"B0C85P99LG",1,"Women's Clothing"
116,"B0BF94344Q",1,"Women's Clothing"
116,"B09Z4RTF76",1,"Women's Clothing"
116,"B06W2H6GQD",1,"Women's Clothing"
116,"B07QRRH98D",1,"Women's Clothing"
116,"B0793JV3N7",1,"Women's Clothing"
116,"B09MTK1V4M",1,"Women's Clothing"
116,"B08TZYTMXS",1,"Women's Clothing"
116,"B0BF4NRRNM",1,"Women's Clothing"
116,"B0BW9CD1JX",1,"Women's Clothing"
116,"B085121BLQ",1,"Women's Clothing"
116,"B07YD4SM1D",1,"Women's Clothing"
116,"B08JLT5SY2",1,"Women's Clothing"
116,"B09X1LN5TB",1,"Women's Clothing"
118,"B071JTM3WC",1,"Women's Handbags"
118,"B01IL2R7ZO",1,"Women's Handbags"
118,"B085DW2HWZ",1,"Women's Handbags"
118,"B09JWF9SM5",1,"Women's Handbags"
118,"B01N3V7L18",1,"Women's Handbags"
118,"B07C4W5NMD",1,"Women's Handbags"
118,"B07F8VCHMY",1,"Women's Handbags"
118,"B07MSKJ1KB",1,"Women's Handbags"
118,"B07R9WLMGJ",1,"Women's Handbags"
118,"B07V9LW3X7",1,"Women's Handbags"
118,"B091PL141N",1,"Women's Handbags"
118,"B093STCBQD",1,"Women's Handbags"
120,"B01HM89QYS",1,"Women's Accessories"
120,"B094ZTKMP4",1,"Women's Accessories"
120,"B07ZMB5632",1,"Women's Accessories"
120,"B0CBK8HNZR",1,"Women's Accessories"
121,"B081J7FQF6",1,"Women's Watches"
121,"B074TC9XCS",1,"Women's Watches"
121,"B0BJDJM7XG",1,"Women's Watches"
121,"B072KMX19N",1,"Women's Watches"
122,"B09F6BHC3K",1,"Women's Shoes"
122,"B07933G53P",1,"Women's Shoes"
123,"B09WQM81NR",1,"Women's Jewelry"
124,"B07TH1QBM6",1,"Kids' Furniture"
124,"B00099H4GU",1,"Kids' Furniture"
124,"B015WKNNS8",1,"Kids' Furniture"
124,"B06XCK982P",1,"Kids' Furniture"
126,"B00PG59X2K",1,"Oral Care Products"
126,"B0CBHSP77B",1,"Oral Care Products"
126,"B0B69LHG4B",1,"Oral Care Products"
126,"B001FWXS9C",1,"Oral Care Products"
126,"B0BG52SJ5N",1,"Oral Care Products"
126,"B0C85LBK3T",1,"Oral Care Products"
126,"B09N6X4SCW",1,"Oral Care Products"
126,"B07N46BZPZ",1,"Oral Care Products"
126,"B096N53SGD",1,"Oral Care Products"
126,"B000052YAN",1,"Oral Care Products"
126,"B077HWVNFP",1,"Oral Care Products"
126,"B00A6YUPJG",1,"Oral Care Products"
126,"B09225FL93",1,"Oral Care Products"
126,"B01IAEYR42",1,"Oral Care Products"
126,"B004UDM3IU",1,"Oral Care Products"
126,"B0BB2KZTLD",1,"Oral Care Products"
126,"B0922RSS65",1,"Oral Care Products"
126,"B0BYW279H4",1,"Oral Care Products"
126,"B01MTLEKNA",1,"Oral Care Products"
126,"B019JE0WXW",1,"Oral Care Products"
126,"B001E0VML6",1,"Oral Care Products"
126,"B07MX5C9LK",1,"Oral Care Products"
126,"B0CCJK4K8Z",1,"Oral Care Products"
126,"B0B93VPQCR",1,"Oral Care Products"
126,"B07ZL2JKVK",1,"Oral Care Products"
126,"B0795ZW5F6",1,"Oral Care Products"
126,"B000PZEJZ2",1,"Oral Care Products"
126,"B01M2YRN8T",1,"Oral Care Products"
126,"B0CBC2TL28",1,"Oral Care Products"
126,"B00E4MR03U",1,"Oral Care Products"
126,"B08PQ21P88",1,"Oral Care Products"
126,"B08R6QXPZ2",1,"Oral Care Products"
128,"B0B3RJPM4L",1,"Wellness & Relaxation Products"
128,"B097N6YWC8",1,"Wellness & Relaxation Products"
128,"B098DM4PTB",1,"Wellness & Relaxation Products"
128,"B0BHSLSPMJ",1,"Wellness & Relaxation Products"
128,"B09TPDYS7N",1,"Wellness & Relaxation Products"
128,"B01N0GJXZN",1,"Wellness & Relaxation Products"
128,"B093WBGY3X",1,"Wellness & Relaxation Products"
128,"B09DV44ST8",1,"Wellness & Relaxation Products"
128,"B07QRZXHJ7",1,"Wellness & Relaxation Products"
128,"B00Q71KZTM",1,"Wellness & Relaxation Products"
128,"B000PRMCJU",1,"Wellness & Relaxation Products"
128,"B00EANPGOI",1,"Wellness & Relaxation Products"
128,"B09QC2BD7R",1,"Wellness & Relaxation Products"
128,"B0716QPF38",1,"Wellness & Relaxation Products"
128,"B0872Y3HJC",1,"Wellness & Relaxation Products"
128,"B08RYG87Q4",1,"Wellness & Relaxation Products"
128,"B07W97P4SJ",1,"Wellness & Relaxation Products"
128,"B09B3NWQBL",1,"Wellness & Relaxation Products"
130,"B0BLD39388",1,"Household Supplies"
130,"B076DXMTXZ",1,"Household Supplies"
130,"B01IQC8R0I",1,"Household Supplies"
130,"B0BPNL2728",1,"Household Supplies"
130,"B09W48KWGY",1,"Household Supplies"
130,"B07NRSF8M2",1,"Household Supplies"
130,"B091TNQY8F",1,"Household Supplies"
130,"B07C5SC335",1,"Household Supplies"
130,"B0788QKCJD",1,"Household Supplies"
130,"B00MTZI038",1,"Household Supplies"
130,"B0C4XNMR3M",1,"Household Supplies"
130,"B013VOL2YY",1,"Household Supplies"
130,"B00QEMWJ70",1,"Household Supplies"
130,"B08T6672BY",1,"Household Supplies"
130,"B0BV2QT8BY",1,"Household Supplies"
130,"B07P569795",1,"Household Supplies"
130,"B0BWFCR613",1,"Household Supplies"
130,"B07DG213R4",1,"Household Supplies"
130,"B0C7CVZCJB",1,"Household Supplies"
131,"B07SGJ79B3",1,"Health Care Products"
131,"B00C0LSB3K",1,"Health Care Products"
131,"B07M59MNR3",1,"Health Care Products"
131,"B00ZQF0Y5K",1,"Health Care Products"
131,"B0C6QNSL3N",1,"Health Care Products"
131,"B07RYM87HS",1,"Health Care Products"
131,"B0BX24XQDS",1,"Health Care Products"
131,"B01N106QP3",1,"Health Care Products"
131,"B09HW69MY3",1,"Health Care Products"
131,"B07W7L114J",1,"Health Care Products"
131,"B0B7JC171Q",1,"Health Care Products"
131,"B08SJ23F55",1,"Health Care Products"
131,"B089FBQS6G",1,"Health Care Products"
131,"B006JRQKKC",1,"Health Care Products"
131,"B002KE5X7O",1,"Health Care Products"
131,"B078SMYPX3",1,"Health Care Products"
131,"B004UBKMDA",1,"Health Care Products"
131,"B00ZA68A7O",1,"Health Care Products"
131,"B08FZSGFSK",1,"Health Care Products"
131,"B000FFFGX6",1,"Health Care Products"
131,"B09KQDNSLQ",1,"Health Care Products"
131,"B0BJB3968J",1,"Health Care Products"
131,"B07FCRNGRR",1,"Health Care Products"
131,"B07MHXH4CY",1,"Health Care Products"
131,"B00L3IJQ9O",1,"Health Care Products"
131,"B005OICT84",1,"Health Care Products"
131,"B0BDLYWL9X",1,"Health Care Products"
131,"B07K2T3XRX",1,"Health Care Products"
131,"B00IPIAF8G",1,"Health Care Products"
131,"B08X9Y6ZBY",1,"Health Care Products"
131,"B07MNV4CQJ",1,"Health Care Products"
132,"B0013OUQ3S",1,"Diet & Sports Nutrition"
132,"B0184N0644",1,"Diet & Sports Nutrition"
132,"B000JNAMJ2",1,"Diet & Sports Nutrition"
132,"B06XR4WLYY",1,"Diet & Sports Nutrition"
132,"B0002ON8DU",1,"Diet & Sports Nutrition"
132,"B0019I8NXS",1,"Diet & Sports Nutrition"
132,"B01BXAMPEY",1,"Diet & Sports Nutrition"
132,"B0B1VRCJ2Z",1,"Diet & Sports Nutrition"
132,"B09PFJYS6V",1,"Diet & Sports Nutrition"
132,"B000NRTWKO",1,"Diet & Sports Nutrition"
132,"B000ZMGKKM",1,"Diet & Sports Nutrition"
132,"B002VPE7VK",1,"Diet & Sports Nutrition"
132,"B0C54L6VMN",1,"Diet & Sports Nutrition"
132,"B007LEO626",1,"Diet & Sports Nutrition"
132,"B07N7J4Y5B",1,"Diet & Sports Nutrition"
132,"B000MGOWQU",1,"Diet & Sports Nutrition"
134,"B084KMNTKB",1,"Sexual Wellness Products"
134,"B0BHY9QX1P",1,"Sexual Wellness Products"
134,"B0BRC5HZ1Q",1,"Sexual Wellness Products"
134,"B00A0UYAYW",1,"Sexual Wellness Products"
134,"B0BWNPL2J9",1,"Sexual Wellness Products"
134,"B004TTXA7I",1,"Sexual Wellness Products"
134,"B0BVTF91JP",1,"Sexual Wellness Products"
135,"B09LXWPB1V",1,"Health & Household"
135,"B001KYQF3Q",1,"Health & Household"
135,"B0009RFB76",1,"Health & Household"
135,"B0B1H1RWYL",1,"Health & Household"
135,"B0C9L29ZYS",1,"Health & Household"
135,"B0BP8JJ8M6",1,"Health & Household"
136,"B01JUA77CO",1,"Sports Nutrition Products"
136,"B09G3PHB47",1,"Sports Nutrition Products"
136,"B08FBLB5NJ",1,"Sports Nutrition Products"
136,"B0049RALFE",1,"Sports Nutrition Products"
136,"B00XHK8RJG",1,"Sports Nutrition Products"
136,"B00MKSLYW8",1,"Sports Nutrition Products"
136,"B097QBDJDM",1,"Sports Nutrition Products"
136,"B079NQ1XXW",1,"Sports Nutrition Products"
136,"B0BWKDHMJZ",1,"Sports Nutrition Products"
136,"B07K413HHM",1,"Sports Nutrition Products"
136,"B0897F2PG3",1,"Sports Nutrition Products"
136,"B07HS6SS6M",1,"Sports Nutrition Products"
136,"B0CCFC83JD",1,"Sports Nutrition Products"
136,"B07Y3V395W",1,"Sports Nutrition Products"
136,"B0BGT8TDDR",1,"Sports Nutrition Products"
136,"B0B8JSPR3R",1,"Sports Nutrition Products"
136,"B00LJSJMRO",1,"Sports Nutrition Products"
136,"B0013OSNOM",1,"Sports Nutrition Products"
136,"B00G165JZS",1,"Sports Nutrition Products"
136,"B0BCQM47NZ",1,"Sports Nutrition Products"
139,"B08335MYGW",1,"Power Transmission Products"
143,"B007QU2UAA",1,"Industrial Adhesives, Sealants & Lubricants"
146,"B0C5QJDQ8P",1,"Industrial Power & Hand Tools"
146,"B0BJQBVLMT",1,"Industrial Power & Hand Tools"
146,"B011H3IQ5O",1,"Industrial Power & Hand Tools"
146,"B00GIHDDJY",1,"Industrial Power & Hand Tools"
149,"B0002YSMYK",1,"Electronic Components"
150,"B0888DYNGB",1,"Lab & Scientific Products"
156,"B075CZKGYQ",1,"Food Service Equipment & Supplies"
156,"B0B5R8ZKBT",1,"Food Service Equipment & Supplies"
156,"B000NSIF9C",1,"Food Service Equipment & Supplies"
156,"B09MHTBS4P",1,"Food Service Equipment & Supplies"
156,"B0749H4S9D",1,"Food Service Equipment & Supplies"
156,"B0BRYNKKG3",1,"Food Service Equipment & Supplies"
156,"B08F3GB1QF",1,"Food Service Equipment & Supplies"
156,"B08DH8Z351",1,"Food Service Equipment & Supplies"
156,"B00NLK65ZA",1,"Food Service Equipment & Supplies"
156,"B074P23NVX",1,"Food Service Equipment & Supplies"
156,"B09LDCNKDH",1,"Food Service Equipment & Supplies"
156,"B07VTN3X14",1,"Food Service Equipment & Supplies"
156,"B089PY61SW",1,"Food Service Equipment & Supplies"
156,"B07YWHMBKC",1,"Food Service Equipment & Supplies"
156,"B08GCYNY7Y",1,"Food Service Equipment & Supplies"
156,"B005P3GVXW",1,"Food Service Equipment & Supplies"
156,"B0721MGRVX",1,"Food Service Equipment & Supplies"
156,"B0B8VTG8FD",1,"Food Service Equipment & Supplies"
156,"B0B1QDNB6F",1,"Food Service Equipment & Supplies"
156,"B097CH55HJ",1,"Food Service Equipment & Supplies"
156,"B094VBY4G7",1,"Food Service Equipment & Supplies"
156,"B07RS9RDJR",1,"Food Service Equipment & Supplies"
156,"B0B4CW8VTY",1,"Food Service Equipment & Supplies"
156,"B0BHYGZ3DZ",1,"Food Service Equipment & Supplies"
156,"B0B8NSC37W",1,"Food Service Equipment & Supplies"
156,"B07DGP1FCD",1,"Food Service Equipment & Supplies"
156,"B0B5K6XHZ2",1,"Food Service Equipment & Supplies"
156,"B07TCBFT3Y",1,"Food Service Equipment & Supplies"
156,"B0C8992269",1,"Food Service Equipment & Supplies"
156,"B07MP89LF7",1,"Food Service Equipment & Supplies"
156,"B0C28GZCHT",1,"Food Service Equipment & Supplies"
156,"B0917CW45F",1,"Food Service Equipment & Supplies"
156,"B084G9N36B",1,"Food Service Equipment & Supplies"
156,"B08R6FQP3N",1,"Food Service Equipment & Supplies"
156,"B0BZX3Z8P9",1,"Food Service Equipment & Supplies"
156,"B0BMX7BVHV",1,"Food Service Equipment & Supplies"
156,"B095S7HYCK",1,"Food Service Equipment & Supplies"
156,"B0BDR1HQMM",1,"Food Service Equipment & Supplies"
156,"B09997T9D7",1,"Food Service Equipment & Supplies"
156,"B07GL55KSN",1,"Food Service Equipment & Supplies"
156,"B0BWRC93H7",1,"Food Service Equipment & Supplies"
156,"B0B2QTHX3T",1,"Food Service Equipment & Supplies"
156,"B07DWVBJT4",1,"Food Service Equipment & Supplies"
156,"B072K47K2W",1,"Food Service Equipment & Supplies"
156,"B0CCQFRPTM",1,"Food Service Equipment & Supplies"
156,"B091PP42RD",1,"Food Service Equipment & Supplies"
156,"B07RVJH7JR",1,"Food Service Equipment & Supplies"
156,"B0BHSQXM9W",1,"Food Service Equipment & Supplies"
159,"B07786CJFP",1,"Professional Dental Supplies"
162,"B075DFPR2W",1,"Industrial & Scientific"
162,"B088NDGBTH",1,"Industrial & Scientific"
162,"B00005RL5E",1,"Industrial & Scientific"
162,"B09CGJKTTR",1,"Industrial & Scientific"
162,"B09QLL3D9V",1,"Industrial & Scientific"
162,"B093298WC3",1,"Industrial & Scientific"
162,"B0811PYS6T",1,"Industrial & Scientific"
162,"B0C6WWWZHY",1,"Industrial & Scientific"
162,"B0B3SJQRSD",1,"Industrial & Scientific"
162,"B08RYQ1XYT",1,"Industrial & Scientific"
162,"B071RSM598",1,"Industrial & Scientific"
162,"B0B3J2847L",1,"Industrial & Scientific"
162,"B0C93V3G33",1,"Industrial & Scientific"
162,"B07WMYJPFW",1,"Industrial & Scientific"
162,"B0BJPZHMPR",1,"Industrial & Scientific"
162,"B00PQTXBV0",1,"Industrial & Scientific"
162,"B00TUDHCJK",1,"Industrial & Scientific"
162,"B00004Y8D4",1,"Industrial & Scientific"
162,"B09RQ1X9DG",1,"Industrial & Scientific"
162,"B0BFRHVVB5",1,"Industrial & Scientific"
162,"B09HV9YXG8",1,"Industrial & Scientific"
162,"B078JZ3V1V",1,"Industrial & Scientific"
162,"B01M0X4QM4",1,"Industrial & Scientific"
162,"B09W4HH3RS",1,"Industrial & Scientific"
162,"B096G6QJ93",1,"Industrial & Scientific"
162,"B0014E89WM",1,"Industrial & Scientific"
162,"B07ZPB382G",1,"Industrial & Scientific"
162,"B0C96NKG8V",1,"Industrial & Scientific"
162,"B07MJR3P1H",1,"Industrial & Scientific"
162,"B07RKRK7FD",1,"Industrial & Scientific"
162,"B071DG9X2D",1,"Industrial & Scientific"
162,"B08DBQZ89V",1,"Industrial & Scientific"
162,"B08FXLVHTY",1,"Industrial & Scientific"
162,"B09PFBQRQK",1,"Industrial & Scientific"
162,"B0C5C2P65K",1,"Industrial & Scientific"
162,"B06Y4QNT1X",1,"Industrial & Scientific"
162,"B07RL1CCXW",1,"Industrial & Scientific"
162,"B09F99ZGJB",1,"Industrial & Scientific"
162,"B006JAERJK",1,"Industrial & Scientific"
162,"B00JCG1V42",1,"Industrial & Scientific"
162,"B07J4WLDJ4",1,"Industrial & Scientific"
162,"B073TXK7B6",1,"Industrial & Scientific"
162,"B09W2BK4S3",1,"Industrial & Scientific"
162,"B071HLGYN9",1,"Industrial & Scientific"
162,"B0141MQRGI",1,"Industrial & Scientific"
162,"B08XNHCQCG",1,"Industrial & Scientific"
162,"B0C5D8CPJ9",1,"Industrial & Scientific"
162,"B0C1KPK867",1,"Industrial & Scientific"
164,"B08HM6WT6X",1,"Bedding"
164,"B0C1GN582B",1,"Bedding"
164,"B0BY3GG6D1",1,"Bedding"
164,"B0C4KDWYK8",1,"Bedding"
164,"B081JLYM61",1,"Bedding"
164,"B086L54YLJ",1,"Bedding"
164,"B07VHJYZKJ",1,"Bedding"
164,"B06XH4T4KZ",1,"Bedding"
164,"B0CCYC4G22",1,"Bedding"
164,"B0C336468R",1,"Bedding"
164,"B07RXQNZT6",1,"Bedding"
164,"B0C27JYSJP",1,"Bedding"
164,"B09D3CWYX9",1,"Bedding"
164,"B0B6BCQ8T1",1,"Bedding"
164,"B01BWABGN6",1,"Bedding"
164,"B0C7ZHGKC4",1,"Bedding"
164,"B08BTHZNV2",1,"Bedding"
164,"B0BBTZDRHM",1,"Bedding"
164,"B0B3D8FVC1",1,"Bedding"
164,"B09BCQ4PZQ",1,"Bedding"
164,"B08PBB7DR9",1,"Bedding"
164,"B07381K8TM",1,"Bedding"
164,"B085H141DZ",1,"Bedding"
164,"B0725LGGQN",1,"Bedding"
164,"B00ZO2OL68",1,"Bedding"
164,"B0CB5YQD3W",1,"Bedding"
164,"B00FPHLWVO",1,"Bedding"
164,"B07RNQ9RLS",1,"Bedding"
164,"B077FPNSWD",1,"Bedding"
164,"B07PV8YCBF",1,"Bedding"
164,"B07VG9WT6Y",1,"Bedding"
164,"B097LFD98Z",1,"Bedding"
164,"B0BXSK9ZRW",1,"Bedding"
164,"B082WYPHW5",1,"Bedding"
164,"B0BWPMJY2K",1,"Bedding"
164,"B0885Q7GGD",1,"Bedding"
164,"B07Q9ZJLJT",1,"Bedding"
164,"B0BWYFTS99",1,"Bedding"
164,"B00MH74S16",1,"Bedding"
164,"B0C7CDVXXJ",1,"Bedding"
164,"B07CRZR28L",1,"Bedding"
164,"B0BZSMMJLW",1,"Bedding"
164,"B09MVYPWNH",1,"Bedding"
164,"B002R0DRAG",1,"Bedding"
164,"B07HTKFGLJ",1,"Bedding"
164,"B00SJBQLNC",1,"Bedding"
164,"B07XDVMKK3",1,"Bedding"
164,"B07BZKPLW6",1,"Bedding"
164,"B08CZ1444H",1,"Bedding"
164,"B07BDBVS8C",1,"Bedding"
164,"B07FP84F1M",1,"Bedding"
164,"B0BGNT7LFN",1,"Bedding"
164,"B07WBXPXL7",1,"Bedding"
165,"B07GZMZWL2",1,"Home Décor Products"
165,"B0748P3M4P",1,"Home Décor Products"
165,"B08YDLHVDR",1,"Home Décor Products"
165,"B0BP7DJ972",1,"Home Décor Products"
165,"B07T9LQRTZ",1,"Home Décor Products"
165,"B07DFJ16RF",1,"Home Décor Products"
165,"B00N7KAFRI",1,"Home Décor Products"
165,"B09YMMKLQY",1,"Home Décor Products"
165,"B09MW86GXG",1,"Home Décor Products"
165,"B07TLJHY3X",1,"Home Décor Products"
165,"B085FLZT95",1,"Home Décor Products"
165,"B0BJCTQ7KM",1,"Home Décor Products"
165,"B019K7DEI8",1,"Home Décor Products"
165,"B0BKKW5WDL",1,"Home Décor Products"
165,"B094MX869V",1,"Home Décor Products"
165,"B0BM947M85",1,"Home Décor Products"
165,"B07K7GXCSY",1,"Home Décor Products"
165,"B06X9H3B9V",1,"Home Décor Products"
165,"B089T5ZCLS",1,"Home Décor Products"
165,"B08X6DVF2V",1,"Home Décor Products"
165,"B0B1DKMG7W",1,"Home Décor Products"
165,"B07VNQ63T6",1,"Home Décor Products"
165,"B01H84H13O",1,"Home Décor Products"
165,"B07RQS6FMZ",1,"Home Décor Products"
165,"B07C3CGZP5",1,"Home Décor Products"
165,"B09NCC8L3Q",1,"Home Décor Products"
165,"B07M5DJ619",1,"Home Décor Products"
165,"B001D1IY30",1,"Home Décor Products"
165,"B000FDZJBM",1,"Home Décor Products"
165,"B00LNI5PMG",1,"Home Décor Products"
165,"B016SBCZMA",1,"Home Décor Products"
165,"B07FXLT2RJ",1,"Home Décor Products"
165,"B0BRPT4CZV",1,"Home Décor Products"
165,"B09MVZTNLN",1,"Home Décor Products"
165,"B09PH24XMX",1,"Home Décor Products"
165,"B07VX82SNM",1,"Home Décor Products"
165,"B07NW8ZM3M",1,"Home Décor Products"
165,"B0792DY1F1",1,"Home Décor Products"
165,"B08RCS5X3S",1,"Home Décor Products"
165,"B085VZPFKB",1,"Home Décor Products"
165,"B0BZ89RCPN",1,"Home Décor Products"
165,"B09CP7MS32",1,"Home Décor Products"
165,"B08N6FRJHN",1,"Home Décor Products"
165,"B001B7MLRG",1,"Home Décor Products"
165,"B085ZKC9PC",1,"Home Décor Products"
165,"B0B4YWCZ9Z",1,"Home Décor Products"
165,"B07KKCDQQL",1,"Home Décor Products"
165,"B019FAXVW4",1,"Home Décor Products"
167,"B082N15K8V",1,"Household Cleaning Supplies"
167,"B0BB7KTV7R",1,"Household Cleaning Supplies"
167,"B000VBB8SG",1,"Household Cleaning Supplies"
167,"B00E9V4P02",1,"Household Cleaning Supplies"
167,"B07S3DFQ5W",1,"Household Cleaning Supplies"
167,"B009S2D0L2",1,"Household Cleaning Supplies"
167,"B0BLMGWYWQ",1,"Household Cleaning Supplies"
167,"B0BF4DFVL9",1,"Household Cleaning Supplies"
167,"B0B8XQCX3Z",1,"Household Cleaning Supplies"
167,"B08ZLRFFB7",1,"Household Cleaning Supplies"
167,"B09W9BPFXN",1,"Household Cleaning Supplies"
167,"B07D7YDXB8",1,"Household Cleaning Supplies"
167,"B000NGQR4E",1,"Household Cleaning Supplies"
167,"B0BR3S7HNH",1,"Household Cleaning Supplies"
167,"B00623JXIO",1,"Household Cleaning Supplies"
167,"B09PDHLLM8",1,"Household Cleaning Supplies"
167,"B082H68HPK",1,"Household Cleaning Supplies"
167,"B0B16SS82L",1,"Household Cleaning Supplies"
167,"B0822229RR",1,"Household Cleaning Supplies"
167,"B0875K5JK1",1,"Household Cleaning Supplies"
167,"B0BVNTZM9H",1,"Household Cleaning Supplies"
167,"B0C67WPQ7L",1,"Household Cleaning Supplies"
167,"B09FPG7WXW",1,"Household Cleaning Supplies"
167,"B015SEYYT0",1,"Household Cleaning Supplies"
167,"B079HLKVJR",1,"Household Cleaning Supplies"
167,"B07L52GJQ2",1,"Household Cleaning Supplies"
167,"B09DQC6Y1X",1,"Household Cleaning Supplies"
167,"B000MUSOW4",1,"Household Cleaning Supplies"
167,"B08T6C84CZ",1,"Household Cleaning Supplies"
167,"B07MTRZN38",1,"Household Cleaning Supplies"
167,"B0C8SCSYK7",1,"Household Cleaning Supplies"
167,"B00U2QERW4",1,"Household Cleaning Supplies"
167,"B0921TVJ1T",1,"Household Cleaning Supplies"
167,"B00KAJ42GO",1,"Household Cleaning Supplies"
167,"B00F9KMJT6",1,"Household Cleaning Supplies"
167,"B08BX8JYB2",1,"Household Cleaning Supplies"
167,"B09NW7WVFR",1,"Household Cleaning Supplies"
167,"B07P15WXVP",1,"Household Cleaning Supplies"
167,"B07G33RJBT",1,"Household Cleaning Supplies"
167,"B0B9W97NKC",1,"Household Cleaning Supplies"
167,"B089NKXTWJ",1,"Household Cleaning Supplies"
167,"B0C4X9WTHQ",1,"Household Cleaning Supplies"
167,"B099ZMJJJS",1,"Household Cleaning Supplies"
167,"B07BF51L9T",1,"Household Cleaning Supplies"
167,"B086RRLN9Q",1,"Household Cleaning Supplies"
167,"B000VXAGWI",1,"Household Cleaning Supplies"
167,"B08JZFFQTD",1,"Household Cleaning Supplies"
167,"B07B8SM6P6",1,"Household Cleaning Supplies"
167,"B0C2TW9RHY",1,"Household Cleaning Supplies"
168,"B07TYWCFRK",1,"Seasonal Décor"
170,"B0C9DS5NPZ",1,"Kitchen & Dining"
170,"B08JCRLMTG",1,"Kitchen & Dining"
170,"B006AEVRB6",1,"Kitchen & Dining"
170,"B09BJ5VGM4",1,"Kitchen & Dining"
170,"B0B5XP1WSJ",1,"Kitchen & Dining"
170,"B0B6WP4XNY",1,"Kitchen & Dining"
170,"B07FYK4622",1,"Kitchen & Dining"
170,"B087RQCQQZ",1,"Kitchen & Dining"
170,"B01N7VG6TS",1,"Kitchen & Dining"
170,"B07M67X3GN",1,"Kitchen & Dining"
170,"B01N2YMMIG",1,"Kitchen & Dining"
170,"B08RWPPD8J",1,"Kitchen & Dining"
170,"B0161EG5IE",1,"Kitchen & Dining"
170,"B072N94M7L",1,"Kitchen & Dining"
170,"B00MS95U74",1,"Kitchen & Dining"
170,"B07XG1G8KP",1,"Kitchen & Dining"
170,"B01E2HU4A2",1,"Kitchen & Dining"
170,"B08D3YDKT5",1,"Kitchen & Dining"
170,"B089ZY5ZGP",1,"Kitchen & Dining"
170,"B078JSH1KB",1,"Kitchen & Dining"
170,"B09M6SF2Z6",1,"Kitchen & Dining"
170,"B01HN7ZGUQ",1,"Kitchen & Dining"
170,"B08P8V53H4",1,"Kitchen & Dining"
170,"B0B4JP63F5",1,"Kitchen & Dining"
170,"B07VL1668Q",1,"Kitchen & Dining"
170,"B01JTDG084",1,"Kitchen & Dining"
170,"B07QP13BJ9",1,"Kitchen & Dining"
170,"B00TQIUUWU",1,"Kitchen & Dining"
170,"B07ZKZXM4B",1,"Kitchen & Dining"
170,"B00LBFWJB6",1,"Kitchen & Dining"
170,"B0BMGZWHFS",1,"Kitchen & Dining"
170,"B099ZSQNVC",1,"Kitchen & Dining"
170,"B07NQJ4XM6",1,"Kitchen & Dining"
170,"B015T5M9MC",1,"Kitchen & Dining"
170,"B00004OCNQ",1,"Kitchen & Dining"
170,"B09W98TKJX",1,"Kitchen & Dining"
170,"B01DEWZWDU",1,"Kitchen & Dining"
170,"B09GTVSP6F",1,"Kitchen & Dining"
170,"B0721PXRQQ",1,"Kitchen & Dining"
171,"B0C1MPDTG7",1,"Heating, Cooling & Air Quality"
172,"B098JD9BM8",1,"Kids' Home Store"
173,"B097YXVLRL",1,"Home Storage & Organization"
173,"B0B4Z845NT",1,"Home Storage & Organization"
173,"B0987W1QWB",1,"Home Storage & Organization"
173,"B09R4MS3ZW",1,"Home Storage & Organization"
173,"B08GYD2VMW",1,"Home Storage & Organization"
173,"B07B8P5GHM",1,"Home Storage & Organization"
173,"B08R7FP1HT",1,"Home Storage & Organization"
173,"B0046ZUV40",1,"Home Storage & Organization"
173,"B09VT4CYT2",1,"Home Storage & Organization"
173,"B0BQN6SYFQ",1,"Home Storage & Organization"
173,"B07PRVCRSG",1,"Home Storage & Organization"
173,"B09ZX4JD5L",1,"Home Storage & Organization"
173,"B06XJ343CC",1,"Home Storage & Organization"
173,"B0BX69J6JR",1,"Home Storage & Organization"
173,"B09CPHV5SZ",1,"Home Storage & Organization"
173,"B01M1BLY3C",1,"Home Storage & Organization"
173,"B00PSA32KW",1,"Home Storage & Organization"
173,"B09N1PDHCW",1,"Home Storage & Organization"
173,"B07226MHP7",1,"Home Storage & Organization"
173,"B0BX8B3DSX",1,"Home Storage & Organization"
173,"B08HCZZQ3B",1,"Home Storage & Organization"
173,"B09XH28VM4",1,"Home Storage & Organization"
173,"B08JCPVK6C",1,"Home Storage & Organization"
173,"B0C5MSZT11",1,"Home Storage & Organization"
173,"B0CF4SYVVQ",1,"Home Storage & Organization"
173,"B08MLB8HJZ",1,"Home Storage & Organization"
173,"B09YL2DBHR",1,"Home Storage & Organization"
173,"B087R84VFM",1,"Home Storage & Organization"
173,"B0BMQK14J6",1,"Home Storage & Organization"
173,"B08S9FDH1T",1,"Home Storage & Organization"
173,"B0BD8WQ55Q",1,"Home Storage & Organization"
173,"B09J3HGPPK",1,"Home Storage & Organization"
173,"B07J9VTFQM",1,"Home Storage & Organization"
173,"B0BFWG2G5N",1,"Home Storage & Organization"
173,"B0BZS7WDB6",1,"Home Storage & Organization"
173,"B0C74K19G3",1,"Home Storage & Organization"
173,"B07RK4ZD15",1,"Home Storage & Organization"
173,"B07VKQMPGJ",1,"Home Storage & Organization"
173,"B0B93NP9Y9",1,"Home Storage & Organization"
173,"B09WZTJLX2",1,"Home Storage & Organization"
173,"B000EDVU16",1,"Home Storage & Organization"
173,"B000LXA9WA",1,"Home Storage & Organization"
173,"B09SB3JTV8",1,"Home Storage & Organization"
173,"B0B7F5BYDZ",1,"Home Storage & Organization"
173,"B00UVCDFCW",1,"Home Storage & Organization"
173,"B00013K8OO",1,"Home Storage & Organization"
173,"B00AEM35U6",1,"Home Storage & Organization"
173,"B075FC2LBX",1,"Home Storage & Organization"
173,"B01M0LUZTL",1,"Home Storage & Organization"
173,"B09LH7C8ZC",1,"Home Storage & Organization"
173,"B07RBL929B",1,"Home Storage & Organization"
173,"B082Z2KP6L",1,"Home Storage & Organization"
173,"B09Q3QVP4N",1,"Home Storage & Organization"
173,"B086DRG2HX",1,"Home Storage & Organization"
173,"B0C3XHY5WC",1,"Home Storage & Organization"
173,"B0000CFSCS",1,"Home Storage & Organization"
173,"B0BZ47CYL9",1,"Home Storage & Organization"
173,"B0002RI5YE",1,"Home Storage & Organization"
173,"B00YXL4R1U",1,"Home Storage & Organization"
173,"B0BB9TM36P",1,"Home Storage & Organization"
173,"B0000DD6C2",1,"Home Storage & Organization"
173,"B07Q4FHWV9",1,"Home Storage & Organization"
173,"B00PUM3IT8",1,"Home Storage & Organization"
173,"B09Y2QXLG2",1,"Home Storage & Organization"
173,"B08RSHNRTY",1,"Home Storage & Organization"
173,"B07V3W7G1Z",1,"Home Storage & Organization"
173,"B0C59FK7VM",1,"Home Storage & Organization"
173,"B0922M88FJ",1,"Home Storage & Organization"
173,"B073WB5DG9",1,"Home Storage & Organization"
173,"B09TPDH8H8",1,"Home Storage & Organization"
173,"B0C4DKLVP1",1,"Home Storage & Organization"
173,"B0BGPWL7F4",1,"Home Storage & Organization"
173,"B0C366NNRL",1,"Home Storage & Organization"
173,"B08FSY13K8",1,"Home Storage & Organization"
173,"B0C16JFJJN",1,"Home Storage & Organization"
173,"B08TTLJW6B",1,"Home Storage & Organization"
173,"B0B74G5WPR",1,"Home Storage & Organization"
173,"B0C4L9MTB7",1,"Home Storage & Organization"
173,"B0BTMWT9W9",1,"Home Storage & Organization"
173,"B07TDJWD1L",1,"Home Storage & Organization"
173,"B07G8PSDS3",1,"Home Storage & Organization"
173,"B093VPWMPD",1,"Home Storage & Organization"
173,"B0BVZ6YVC4",1,"Home Storage & Organization"
173,"B0C2KGJ9XP",1,"Home Storage & Organization"
173,"B0BMVK9D16",1,"Home Storage & Organization"
173,"B0872J8WVN",1,"Home Storage & Organization"
173,"B0C73FX578",1,"Home Storage & Organization"
173,"B0BLHGHR42",1,"Home Storage & Organization"
173,"B00NSJ8FKW",1,"Home Storage & Organization"
173,"B09WTYM9RD",1,"Home Storage & Organization"
173,"B00004TBFD",1,"Home Storage & Organization"
175,"B0B93VRDK9",1,"Vacuum Cleaners & Floor Care"
175,"B0B1WYWCBP",1,"Vacuum Cleaners & Floor Care"
175,"B07PCPYBQV",1,"Vacuum Cleaners & Floor Care"
175,"B00LLHXHH4",1,"Vacuum Cleaners & Floor Care"
175,"B001Q3KQCM",1,"Vacuum Cleaners & Floor Care"
175,"B07Q9MDWQH",1,"Vacuum Cleaners & Floor Care"
179,"B089KBPTYY",1,"Cat Supplies"
179,"B00318PK8U",1,"Cat Supplies"
179,"B07XL8XHTX",1,"Cat Supplies"
179,"B0B8MKDS9M",1,"Cat Supplies"
179,"B081QCWJWK",1,"Cat Supplies"
180,"B00VRWZLV8",1,"Dog Supplies"
180,"B0BJVJ3DG5",1,"Dog Supplies"
180,"B00WBBEP70",1,"Dog Supplies"
180,"B01CCGKBOY",1,"Dog Supplies"
180,"B01MQ5JXBP",1,"Dog Supplies"
180,"B0BNVNNGWS",1,"Dog Supplies"
180,"B0BBYXQ94V",1,"Dog Supplies"
180,"B000ICGJZK",1,"Dog Supplies"
180,"B0BZHYW2Q2",1,"Dog Supplies"
180,"B08CY4F1KZ",1,"Dog Supplies"
180,"B0BLWLVBH2",1,"Dog Supplies"
180,"B0C5X4JGKZ",1,"Dog Supplies"
180,"B09C61L829",1,"Dog Supplies"
180,"B08NSMMQFH",1,"Dog Supplies"
180,"B0C36MXFYV",1,"Dog Supplies"
180,"B09N6SGQ8W",1,"Dog Supplies"
180,"B00027466A",1,"Dog Supplies"
180,"B07QP2GLH8",1,"Dog Supplies"
180,"B09NLVKDBR",1,"Dog Supplies"
180,"B09D2DMQMV",1,"Dog Supplies"
180,"B0002ASSW0",1,"Dog Supplies"
180,"B07GFND8ZC",1,"Dog Supplies"
180,"B072C3F22W",1,"Dog Supplies"
180,"B0002AS2Q2",1,"Dog Supplies"
180,"B0BRNBKVTF",1,"Dog Supplies"
180,"B07K7VMBFT",1,"Dog Supplies"
180,"B08C8KMYM9",1,"Dog Supplies"
180,"B074RNPL2W",1,"Dog Supplies"
180,"B0BP2BLXPQ",1,"Dog Supplies"
180,"B099MNVSLR",1,"Dog Supplies"
180,"B0BJ2DJ92N",1,"Dog Supplies"
180,"B01330INMU",1,"Dog Supplies"
180,"B07FYGHR3T",1,"Dog Supplies"
180,"B00W1QVW1W",1,"Dog Supplies"
180,"B09F5WNSYQ",1,"Dog Supplies"
180,"B0BZZC5PMF",1,"Dog Supplies"
180,"B07RYB63DC",1,"Dog Supplies"
180,"B089389TMV",1,"Dog Supplies"
180,"B01MS63KXL",1,"Dog Supplies"
180,"B00VOBPPJA",1,"Dog Supplies"
180,"B08HMX8W4K",1,"Dog Supplies"
180,"B07ZS47C7T",1,"Dog Supplies"
180,"B0C3VQS7XX",1,"Dog Supplies"
180,"B073TWW2CB",1,"Dog Supplies"
180,"B08PHWZYM1",1,"Dog Supplies"
180,"B002P9KOWI",1,"Dog Supplies"
180,"B07FMG2MP5",1,"Dog Supplies"
180,"B07DTGQ3BC",1,"Dog Supplies"
180,"B09QSSZ9WQ",1,"Dog Supplies"
180,"B005OTJIZK",1,"Dog Supplies"
180,"B0CBK157TH",1,"Dog Supplies"
180,"B0C3KSCLP7",1,"Dog Supplies"
180,"B01M3TWGOU",1,"Dog Supplies"
180,"B07VXFLY1W",1,"Dog Supplies"
180,"B073F5KCLD",1,"Dog Supplies"
180,"B01CO7V0RS",1,"Dog Supplies"
180,"B09DP348P3",1,"Dog Supplies"
180,"B003SZUNQU",1,"Dog Supplies"
180,"B0B39BYV4D",1,"Dog Supplies"
180,"B015JVU5XG",1,"Dog Supplies"
180,"B0BVFJM23Z",1,"Dog Supplies"
198,"B07BLPZDMK",1,"Sports & Fitness"
198,"B08MW13SM4",1,"Sports & Fitness"
198,"B075PYDN5V",1,"Sports & Fitness"
198,"B09CPGSB2P",1,"Sports & Fitness"
198,"B09YHXW9RJ",1,"Sports & Fitness"
198,"B08BJ41FFJ",1,"Sports & Fitness"
198,"B00BIZPXWQ",1,"Sports & Fitness"
198,"B078763G4Z",1,"Sports & Fitness"
198,"B008B8TTM8",1,"Sports & Fitness"
198,"B07CQLDTRV",1,"Sports & Fitness"
198,"B07QNQ32SY",1,"Sports & Fitness"
198,"B08MQ4P879",1,"Sports & Fitness"
198,"B00YKEK78C",1,"Sports & Fitness"
198,"B07DCVN728",1,"Sports & Fitness"
198,"B09B3MX2W9",1,"Sports & Fitness"
198,"B07GVDXW5D",1,"Sports & Fitness"
198,"B09HKH9HBN",1,"Sports & Fitness"
198,"B09N3PBLPZ",1,"Sports & Fitness"
198,"B07GCKRYNK",1,"Sports & Fitness"
198,"B00GKQFZOE",1,"Sports & Fitness"
198,"B08SH968M8",1,"Sports & Fitness"
198,"B081W2RC9J",1,"Sports & Fitness"
198,"B0BN3KFB3P",1,"Sports & Fitness"
198,"B077F9ZMKF",1,"Sports & Fitness"
198,"B07G9Z71GM",1,"Sports & Fitness"
198,"B07W3FQ85Y",1,"Sports & Fitness"
198,"B074288J5M",1,"Sports & Fitness"
198,"B0B6JR6XHC",1,"Sports & Fitness"
198,"B0BTM174VQ",1,"Sports & Fitness"
198,"B091MCXYLS",1,"Sports & Fitness"
198,"B08B3ST137",1,"Sports & Fitness"
198,"B0886GJB7H",1,"Sports & Fitness"
198,"B001AD2I3S",1,"Sports & Fitness"
198,"B0748K9N62",1,"Sports & Fitness"
198,"B06XCMWW9H",1,"Sports & Fitness"
198,"B000FPS82C",1,"Sports & Fitness"
198,"B00Z1KR35O",1,"Sports & Fitness"
198,"B08NP5FY5K",1,"Sports & Fitness"
198,"B09T8SDKDG",1,"Sports & Fitness"
198,"B09KGZV31D",1,"Sports & Fitness"
198,"B08XQWRKNN",1,"Sports & Fitness"
198,"B003KV79RS",1,"Sports & Fitness"
198,"B0B4JBLVVT",1,"Sports & Fitness"
198,"B087C83V1Y",1,"Sports & Fitness"
198,"B09B9GK6MN",1,"Sports & Fitness"
198,"B0CB1VJMZN",1,"Sports & Fitness"
198,"B09BTTM29M",1,"Sports & Fitness"
198,"B07QFZR8YV",1,"Sports & Fitness"
198,"B08NWKDBZ3",1,"Sports & Fitness"
198,"B081T7RDC5",1,"Sports & Fitness"
198,"B0055V39KM",1,"Sports & Fitness"
198,"B07G996FY9",1,"Sports & Fitness"
198,"B01HT69QQQ",1,"Sports & Fitness"
198,"B082HS37B1",1,"Sports & Fitness"
198,"B07S76XKHT",1,"Sports & Fitness"
198,"B095DS2W5L",1,"Sports & Fitness"
199,"B0BX41GSDW",1,"Outdoor Recreation"
199,"B09Y3X8XM4",1,"Outdoor Recreation"
199,"B07KMBM14W",1,"Outdoor Recreation"
199,"B07KWRRMV8",1,"Outdoor Recreation"
199,"B07DVYR8N8",1,"Outdoor Recreation"
199,"B0BYV5F6WJ",1,"Outdoor Recreation"
199,"B0834N2546",1,"Outdoor Recreation"
199,"B073PQHJ91",1,"Outdoor Recreation"
199,"B09QLB93C7",1,"Outdoor Recreation"
199,"B081R3D63N",1,"Outdoor Recreation"
199,"B079NBMSX7",1,"Outdoor Recreation"
199,"B0945W8M1Z",1,"Outdoor Recreation"
199,"B0BXS6LLX5",1,"Outdoor Recreation"
199,"B082HDSDSD",1,"Outdoor Recreation"
199,"B00QR3LOO0",1,"Outdoor Recreation"
199,"B0009PUTK2",1,"Outdoor Recreation"
199,"B0B4S18BD5",1,"Outdoor Recreation"
199,"B002VRTAWE",1,"Outdoor Recreation"
199,"B08BFC87D2",1,"Outdoor Recreation"
199,"B082NP467X",1,"Outdoor Recreation"
199,"B088CPKBPQ",1,"Outdoor Recreation"
199,"B07VC9VYCW",1,"Outdoor Recreation"
199,"B07T44Z1WP",1,"Outdoor Recreation"
199,"B07VXX799S",1,"Outdoor Recreation"
199,"B00BPWDMOS",1,"Outdoor Recreation"
199,"B01KHK8O1E",1,"Outdoor Recreation"
199,"B09N9ZNJHD",1,"Outdoor Recreation"
199,"B071774P59",1,"Outdoor Recreation"
199,"B079M4TLNT",1,"Outdoor Recreation"
199,"B08GFZY5DT",1,"Outdoor Recreation"
200,"B0821658YN",1,"Sports & Outdoors"
200,"B07CQM36X3",1,"Sports & Outdoors"
200,"B07KY6KY1C",1,"Sports & Outdoors"
200,"B07D7X2YD8",1,"Sports & Outdoors"
200,"B07RKP395D",1,"Sports & Outdoors"
200,"B0053HP43I",1,"Sports & Outdoors"
200,"B00QMSO622",1,"Sports & Outdoors"
200,"B00K5VF8H4",1,"Sports & Outdoors"
200,"B07WL7LL7K",1,"Sports & Outdoors"
200,"B000K6C91M",1,"Sports & Outdoors"
200,"B0B1N3HS5V",1,"Sports & Outdoors"
200,"B000FXVAYW",1,"Sports & Outdoors"
200,"B07CJRVFLP",1,"Sports & Outdoors"
200,"B00L69S6QY",1,"Sports & Outdoors"
200,"B086H5CRJY",1,"Sports & Outdoors"
200,"B0BGYPNKM1",1,"Sports & Outdoors"
200,"B08R3CGMG4",1,"Sports & Outdoors"
200,"B07CZFXCVM",1,"Sports & Outdoors"
200,"B00AKSD004",1,"Sports & Outdoors"
200,"B09T3QTPXX",1,"Sports & Outdoors"
200,"B08BDHZ1PV",1,"Sports & Outdoors"
200,"B0BZY5VMDK",1,"Sports & Outdoors"
200,"B00VWMJDFI",1,"Sports & Outdoors"
200,"B07ZSBC7L7",1,"Sports & Outdoors"
200,"B07V8FDNWR",1,"Sports & Outdoors"
201,"B07YR9S9RN",1,"Home Appliances"
201,"B09XZXL6QL",1,"Home Appliances"
201,"B08BP3HR5R",1,"Home Appliances"
201,"B003DVP1V6",1,"Home Appliances"
201,"B07MXR1R37",1,"Home Appliances"
201,"B079ZQCQMG",1,"Home Appliances"
201,"B0BL6YVSD8",1,"Home Appliances"
201,"B08RJ2D93Y",1,"Home Appliances"
201,"B096M4D182",1,"Home Appliances"
201,"B092TL512H",1,"Home Appliances"
201,"B08BYXGT6V",1,"Home Appliances"
201,"B000069A1Q",1,"Home Appliances"
201,"B0795XPR42",1,"Home Appliances"
201,"B0C65WZNSR",1,"Home Appliances"
201,"B0BD9F5L35",1,"Home Appliances"
204,"B004T38J0W",1,"Paint, Wall Treatments & Supplies"
205,"B005FEGYCO",1,"Safety & Security"
207,"B00K0OQ1I6",1,"Power Tools & Hand Tools"
207,"B01DQ19AP0",1,"Power Tools & Hand Tools"
207,"B00004UDIT",1,"Power Tools & Hand Tools"
207,"B07MMBG1CM",1,"Power Tools & Hand Tools"
207,"B00004RHKW",1,"Power Tools & Hand Tools"
207,"B07FV7TZVH",1,"Power Tools & Hand Tools"
207,"B000HI5WTY",1,"Power Tools & Hand Tools"
207,"B01BAJK7DE",1,"Power Tools & Hand Tools"
207,"B001JBANX8",1,"Power Tools & Hand Tools"
207,"B09MTJCD9R",1,"Power Tools & Hand Tools"
207,"B000FBF3OM",1,"Power Tools & Hand Tools"
207,"B000MLU8PE",1,"Power Tools & Hand Tools"
207,"B0BMKVFV5G",1,"Power Tools & Hand Tools"
207,"B09MR5HFPB",1,"Power Tools & Hand Tools"
207,"B0C6M1GM3F",1,"Power Tools & Hand Tools"
207,"B08QQLJ8T5",1,"Power Tools & Hand Tools"
207,"B00KFNMFY6",1,"Power Tools & Hand Tools"
207,"B08JPK1WP1",1,"Power Tools & Hand Tools"
207,"B07FF6S889",1,"Power Tools & Hand Tools"
207,"B089SQ7RDC",1,"Power Tools & Hand Tools"
207,"B07ZT2558K",1,"Power Tools & Hand Tools"
207,"B09NKWPT1C",1,"Power Tools & Hand Tools"
207,"B0000302YS",1,"Power Tools & Hand Tools"
207,"B09PZTJ6P9",1,"Power Tools & Hand Tools"
207,"B07RGBWH6H",1,"Power Tools & Hand Tools"
207,"B07Y4XP1NT",1,"Power Tools & Hand Tools"
207,"B083KLKL9W",1,"Power Tools & Hand Tools"
207,"B077396H12",1,"Power Tools & Hand Tools"
207,"B09RKQ1XFK",1,"Power Tools & Hand Tools"
209,"B01E9TZ5HA",1,"Lighting & Ceiling Fans"
211,"B07RQMYMKW",1,"Hardware"
215,"B09G7J1X2N",1,"Tools & Home Improvement"
219,"B09LZ6CLPB",1,"Arts & Crafts Supplies"
221,"B0BJJD3K6W",1,"Dolls & Accessories"
221,"B08XY89LR8",1,"Dolls & Accessories"
221,"B0777T7H5Z",1,"Dolls & Accessories"
223,"B0006HUHB4",1,"Games & Accessories"
228,"B07MWW483N",1,"Sports & Outdoor Play Toys"
228,"B01E2WVO60",1,"Sports & Outdoor Play Toys"
228,"B07W3SFLWQ",1,"Sports & Outdoor Play Toys"
228,"B08RYX8K9P",1,"Sports & Outdoor Play Toys"
228,"B086ZHTPFP",1,"Sports & Outdoor Play Toys"
228,"B006ZVOJRI",1,"Sports & Outdoor Play Toys"
228,"B00DIHAGS8",1,"Sports & Outdoor Play Toys"
228,"B07MSCSGV8",1,"Sports & Outdoor Play Toys"
228,"B072J1GX6M",1,"Sports & Outdoor Play Toys"
228,"B004RIMJG4",1,"Sports & Outdoor Play Toys"
228,"B07SBSXNXN",1,"Sports & Outdoor Play Toys"
230,"B07PB9GVPT",1,"Baby & Toddler Toys"
230,"B09NYB3YHQ",1,"Baby & Toddler Toys"
230,"B0798GY48V",1,"Baby & Toddler Toys"
230,"B09NMJ3SB3",1,"Baby & Toddler Toys"
230,"B086ZFDNT8",1,"Baby & Toddler Toys"
230,"B07RD8N5X1",1,"Baby & Toddler Toys"
230,"B08PMXQXDD",1,"Baby & Toddler Toys"
230,"B0BVVT73LP",1,"Baby & Toddler Toys"
230,"B074NJZK3W",1,"Baby & Toddler Toys"
230,"B079RSZ8K3",1,"Baby & Toddler Toys"
230,"B01FYLP0OA",1,"Baby & Toddler Toys"
230,"B004BSFC50",1,"Baby & Toddler Toys"
230,"B000AS2AL4",1,"Baby & Toddler Toys"
230,"B088FGHDQ8",1,"Baby & Toddler Toys"
230,"B016XS3A4K",1,"Baby & Toddler Toys"
230,"B07K3LZ7WH",1,"Baby & Toddler Toys"
230,"B0043D28B4",1,"Baby & Toddler Toys"
230,"B08ZR65PLQ",1,"Baby & Toddler Toys"
230,"B071HN7DYP",1,"Baby & Toddler Toys"
230,"B08XV4LQ6N",1,"Baby & Toddler Toys"
230,"B004US0QPW",1,"Baby & Toddler Toys"
240,"B09QLJB8QZ",1,"Slot Cars, Race Tracks & Accessories"
270,"B072XV7XXF",1,"Toys & Games"
270,"B075YYPTSM",1,"Toys & Games"
270,"B083ZJK79H",1,"Toys & Games"
270,"B000KI7C7G",1,"Toys & Games"
270,"B07YNKKGRJ",1,"Toys & Games"
270,"B00CPHX6YI",1,"Toys & Games"
270,"B095LT69HN",1,"Toys & Games"
270,"B07V5WDKGQ",1,"Toys & Games"
270,"B09FM8DC5H",1,"Toys & Games"
270,"B07H2K9659",1,"Toys & Games"
270,"B079RLDNNT",1,"Toys & Games"
270,"B07CG5S2YB",1,"Toys & Games"
270,"B01CCDKXHW",1,"Toys & Games"
270,"B08R3TW6PD",1,"Toys & Games"
270,"B006K20IU4",1,"Toys & Games"
270,"B08JP971S5",1,"Toys & Games"
270,"B08HW2GWTD",1,"Toys & Games"
270,"B087TQC21Y",1,"Toys & Games"
270,"B09V38ST65",1,"Toys & Games"
